objid,caption
587739505552785605,spiral galaxy
587732578312454276,"spiral galaxy with tightly wound spiral arms, with four spiral arms, with a noticeable bulge"
587729154670395609,"spiral galaxy with moderately wound arms, with a ring"
587732154179452963,"spiral galaxy with moderately wound spiral arms, with a pair of spiral arms, with a central bar"
587722983364690145,spiral galaxy with moderately wound arms
587733432461689301,"rounded/cigar-shaped spiral galaxy with a pair of spiral arms, seen edge-on, with a ring structure, with a noticeable round bulge"
587739165702815910,"barred spiral galaxy with tightly wound arms, with 2 spiral arms, with a ring"
587742009509413066,"spiral galaxy with tightly wound spiral arms, with a central bar"
587736946812846455,"barred spiral galaxy with moderately wound arms, with 2 spiral arms, with a ring, with a prominent rounded bulge"
587742550692331884,spiral galaxy with a pair of spiral arms
587735349112340621,"spiral galaxy with a ring, with a prominent rounded bulge"
587736804008198297,"spiral galaxy with tightly wound spiral arms, with a pair of spiral arms, with a central bar, with a ring structure, with a conspicuous round bulge"
588018054574375038,spiral galaxy with tightly wound arms
587731869096476836,"spiral galaxy with a central bar, with a ring structure, with a conspicuous round bulge"
587741421102235811,barred irregular galaxy with a small or non-existent bulge
588017720102551798,spiral galaxy with a ring structure
587738946685042842,"spiral galaxy with tightly wound arms, with a ring, with a prominent bulge"
588017726011211959,"spiral galaxy with moderately wound spiral arms, with a pair of spiral arms, with a central bar, with a ring structure, with a noticeable round bulge"
587724648180351163,"spiral galaxy with tightly wound arms, with a ring, with a prominent bulge"
587726100419117632,spiral galaxy with a noticeable round bulge
587732482204565643,rounded/cigar-shaped spiral galaxy with a modest rounded bulge
588017978895696002,"spiral galaxy with tightly wound spiral arms, with a noticeable bulge"
587739098599391437,"rounded/cigar-shaped barred spiral galaxy with tightly wound arms, with a ring"
587729777982505229,"spiral galaxy with tightly wound spiral arms, with a ring structure, with a noticeable bulge"
587732582593134645,barred spiral galaxy with a ring
587742864743268468,"spiral galaxy with moderately wound spiral arms, with three spiral arms, with a conspicuous bulge"
587741816239227130,"spiral galaxy with moderately wound arms, with 2 spiral arms"
587729231442673952,spiral galaxy with moderately wound spiral arms
587731174380601869,spiral galaxy with tightly wound arms
587739809950924896,"spiral galaxy with a central bar, with dust lanes, with a noticeable bulge"
587739810490941750,"barred spiral galaxy with tightly wound arms, with a ring"
587736976888889787,"spiral galaxy with moderately wound spiral arms, with a noticeable bulge"
587738411942477944,"rounded/cigar-shaped spiral galaxy with tightly wound arms, with a prominent rounded bulge"
587731185121427706,spiral galaxy with a central bar
587739647816368192,"spiral galaxy with loosely wound arms, with 2 spiral arms"
587736808838987987,spiral galaxy with a conspicuous bulge
587737825139818640,rounded/cigar-shaped spiral galaxy with a modest rounded bulge
588013383820574750,"spiral galaxy with a central bar, with a ring structure, with a conspicuous bulge"
587735043613130917,"barred spiral galaxy with tightly wound arms, with a ring, with a prominent bulge"
588298664648441907,spiral galaxy with a noticeable bulge
587735349114110097,"spiral galaxy with tightly wound arms, with more than 5 spiral arms, with a ring"
588298661969002562,"rounded/cigar-shaped spiral galaxy with moderately wound spiral arms, with a ring structure"
587739096712413276,spiral galaxy with a prominent bulge
587735344262283322,spiral galaxy with a conspicuous bulge
587731187279331389,"spiral galaxy with 2 spiral arms, with a ring"
587745243088552096,"spiral galaxy with tightly wound spiral arms, with a conspicuous round bulge"
587741828585750733,"rounded/cigar-shaped barred spiral galaxy with loosely wound arms, with 2 spiral arms, with disturbed morphology"
587731869630595326,"rounded/cigar-shaped spiral galaxy with tightly wound spiral arms, with a ring structure, with a noticeable round bulge"
587742059998675034,spiral galaxy with a modest bulge
587742014343282898,"spiral galaxy with tightly wound spiral arms, with a conspicuous bulge"
587742189898236033,spiral galaxy
587736478130307277,"spiral galaxy with a pair of spiral arms, with a central bar, with a ring structure, with a noticeable bulge"
587739609173262455,"barred spiral galaxy with 2 spiral arms, with a modest rounded bulge"
587729782275637591,spiral galaxy with a noticeable round bulge
587729159508721878,spiral galaxy with tightly wound arms
587742863137570948,"spiral galaxy with moderately wound spiral arms, with a noticeable round bulge"
587735661014679659,"spiral galaxy with a ring, with a modest bulge"
588011099409678432,"spiral galaxy with moderately wound spiral arms, with many spiral arms, with a conspicuous bulge"
587742575906127943,spiral galaxy with tightly wound arms
587742061613613141,"spiral galaxy with a pair of spiral arms, with a central bar, with a noticeable bulge"
587726015629557855,"spiral galaxy with tightly wound arms, with a ring, with a modest bulge"
587739648356057205,"spiral galaxy with a pair of spiral arms, with a central bar, with a ring structure, with a conspicuous bulge"
587741830191972459,"spiral galaxy with loosely wound arms, with more than 5 spiral arms, with a prominent bulge"
587742577516544106,"spiral galaxy with tightly wound spiral arms, with signs of disturbance, with a noticeable bulge"
588017979410088081,irregular galaxy with a modest bulge
588017724942516357,"spiral galaxy with moderately wound spiral arms, with a ring structure, with dust lanes"
587735661007995136,"rounded/cigar-shaped edge-on spiral galaxy with moderately wound arms, with a ring"
588297864181579949,spiral galaxy with tightly wound spiral arms
587729232514318575,spiral galaxy with moderately wound arms
588013384347090966,spiral galaxy with a noticeable round bulge
588297865266266199,"spiral galaxy with moderately wound arms, with 2 spiral arms"
588011124658143370,"spiral galaxy with moderately wound spiral arms, with a ring structure"
587742013293199461,"barred spiral galaxy with moderately wound arms, with 2 spiral arms, with a ring"
587738066188894631,rounded/cigar-shaped spiral galaxy with a ring structure
587741727650414691,"spiral galaxy with loosely wound arms, with more than 5 spiral arms, with a prominent bulge"
587738570311467161,"rounded/cigar-shaped spiral galaxy with moderately wound spiral arms, with a conspicuous round bulge"
587732577774469279,barred irregular galaxy
588017566027022388,"irregular galaxy with a central bar, with a conspicuous bulge"
587742901790769365,rounded/cigar-shaped edge-on spiral galaxy with a small or non-existent bulge
588017604693852329,"spiral galaxy with a pair of spiral arms, with a central bar, with a noticeable bulge"
587736919972839843,"barred spiral galaxy with moderately wound arms, with 2 spiral arms, with a ring"
588023669713535131,"spiral galaxy with tightly wound spiral arms, with a conspicuous bulge"
588010136263917744,"spiral galaxy with 2 spiral arms, with a ring"
587741817319194787,"spiral galaxy with tightly wound spiral arms, with a ring structure, with a noticeable bulge"
587726031729131655,rounded/cigar-shaped spiral galaxy with a ring
587728668801892525,"spiral galaxy with a ring structure, with a noticeable round bulge"
587736542565171521,barred irregular galaxy with a modest rounded bulge
588017626705952967,"rounded/cigar-shaped spiral galaxy with a ring structure, with a noticeable round bulge"
587739610243203138,spiral galaxy with a prominent bulge
588298664114782371,"rounded/cigar-shaped spiral galaxy with tightly wound spiral arms, seen edge-on, with a noticeable round bulge"
587728906636230936,"barred spiral galaxy with tightly wound arms, with 2 spiral arms, with a prominent bulge"
587733431922131190,"spiral galaxy with tightly wound spiral arms, with a ring structure"
587735344802627621,"spiral galaxy with 2 spiral arms, with a modest rounded bulge"
587742190436286529,"spiral galaxy with signs of disturbance, with a noticeable round bulge"
587741830196625477,"spiral galaxy with moderately wound arms, with a dust lane, with a prominent bulge"
587731498648142020,"rounded/cigar-shaped spiral galaxy with tightly wound spiral arms, seen edge-on, with a central bar, with a noticeable round bulge"
588007003646853226,"spiral galaxy with tightly wound arms, with 2 spiral arms, with disturbed morphology, with a prominent bulge"
587733399183032515,"irregular galaxy with a ring structure, with a faint or not prominent bulge"
588007005792436371,"barred spiral galaxy with tightly wound arms, with a modest bulge"
587741727654346898,spiral galaxy with a ring structure
587722982827163823,"barred spiral galaxy with loosely wound arms, with 2 spiral arms, with disturbed morphology"
587738568176631936,"spiral galaxy with a ring structure, with a noticeable bulge"
587741390498627658,rounded/cigar-shaped edge-on spiral galaxy
587736977420517513,"rounded/cigar-shaped spiral galaxy with tightly wound spiral arms, with a conspicuous round bulge"
588016841248276724,"spiral galaxy with moderately wound arms, with 2 spiral arms, with a prominent bulge"
588023240743583771,"spiral galaxy with moderately wound spiral arms, with a central bar"
587741707807621230,"spiral galaxy with tightly wound arms, with a ring"
587736523760402660,"rounded/cigar-shaped spiral galaxy with loosely wound spiral arms, with a pair of spiral arms, with a central bar, with a ring structure"
587728880346202157,rounded/cigar-shaped edge-on spiral galaxy with tightly wound arms
588017977830998102,spiral galaxy with a single spiral arm
587741532792946760,"spiral galaxy with tightly wound arms, with a ring, with a dominant bulge"
587722984443150620,"spiral galaxy with a central bar, with a ring structure"
588017713123295507,"barred spiral galaxy with tightly wound arms, with a ring, with a prominent bulge"
587726031177187497,irregular galaxy with a ring structure
588017704542339194,"spiral galaxy with tightly wound arms, with a ring, with a modest bulge"
587725818017874090,rounded/cigar-shaped spiral galaxy with a noticeable round bulge
587741387272684136,"spiral galaxy with moderately wound arms, with a modest rounded bulge"
588017978913456334,spiral galaxy with a ring structure
588848901533663319,"spiral galaxy with moderately wound arms, with a modest bulge"
587732771585720453,"spiral galaxy with a central bar, with a ring structure, with a noticeable round bulge"
587725491064733979,"barred spiral galaxy with tightly wound arms, with a ring, with a prominent rounded bulge"
588023668102201521,"rounded/cigar-shaped spiral galaxy with moderately wound spiral arms, with a noticeable bulge"
587742013293658340,spiral galaxy
587727866181321131,"rounded/cigar-shaped spiral galaxy with a central bar, with a ring structure, with a noticeable round bulge"
587745244697329758,"spiral galaxy with loosely wound arms, with 1 spiral arm"
587735490285011135,"spiral galaxy with moderately wound spiral arms, with a noticeable bulge"
587728307495305391,"rounded/cigar-shaped spiral galaxy with moderately wound arms, with 2 spiral arms"
587733196771164296,"spiral galaxy with a pair of spiral arms, with a central bar, with a ring structure, with a conspicuous bulge"
587733398652125276,"barred spiral galaxy with moderately wound arms, with 2 spiral arms"
587731890039029954,"spiral galaxy with a pair of spiral arms, with a central bar, with a ring structure, with a conspicuous round bulge"
587739809947975780,"barred spiral galaxy with loosely wound arms, with 2 spiral arms"
587729752211325537,spiral galaxy with a noticeable round bulge
587739294552358946,spiral galaxy
587726014000201850,"rounded/cigar-shaped spiral galaxy with moderately wound spiral arms, with a central bar, with a ring structure, with dust lanes, with a noticeable round bulge"
587738952029569067,"barred spiral galaxy with loosely wound arms, with 2 spiral arms, with a ring"
587741602025177152,"spiral galaxy with tightly wound spiral arms, with a ring structure, with a noticeable bulge"
587732054313599255,spiral galaxy with a modest rounded bulge
588010878766219439,"spiral galaxy with moderately wound spiral arms, with a pair of spiral arms, with a ring structure, with a conspicuous round bulge"
587742012760785071,spiral galaxy
587728669342433473,"spiral galaxy with tightly wound spiral arms, with a conspicuous bulge"
587725491062046839,"spiral galaxy with loosely wound arms, with 3 spiral arms"
587741387274781142,"spiral galaxy with tightly wound spiral arms, with a central bar, with a ring structure, with a conspicuous round bulge"
587739303675887709,"barred spiral galaxy with 2 spiral arms, with a prominent bulge"
587735694835777665,"spiral galaxy with tightly wound spiral arms, with a ring structure, with a conspicuous round bulge"
587732483291152514,"rounded/cigar-shaped barred spiral galaxy with tightly wound arms, with disturbed morphology"
587739829274673302,"spiral galaxy with moderately wound spiral arms, with a central bar, with a ring structure"
587735662088487111,"spiral galaxy with moderately wound arms, with 3 spiral arms, with disturbed morphology, with a modest bulge"
587745970001346777,"spiral galaxy with loosely wound spiral arms, with a pair of spiral arms"
588017702949617905,"spiral galaxy with tightly wound arms, with a ring"
587729159502430386,"spiral galaxy with moderately wound spiral arms, with a pair of spiral arms, with a noticeable bulge"
587725471207587940,rounded/cigar-shaped spiral galaxy with 2 spiral arms
588017702402916480,"spiral galaxy with tightly wound spiral arms, with three spiral arms, with a noticeable bulge"
588017702399901776,"barred spiral galaxy with 2 spiral arms, with a ring, with a modest bulge"
587736914603213018,"spiral galaxy with loosely wound spiral arms, with a pair of spiral arms"
587742610804048101,rounded/cigar-shaped spiral galaxy with tightly wound arms
588013382741131367,"spiral galaxy with tightly wound spiral arms, with a ring structure"
588017702920388632,barred spiral galaxy
588010878761762919,spiral galaxy with a central bar
587725505018331299,"spiral galaxy with tightly wound arms, with a ring, with a dust lane, with a prominent bulge"
587735695378219172,rounded/cigar-shaped spiral galaxy with a noticeable bulge
587742061060096128,"rounded/cigar-shaped spiral galaxy with tightly wound arms, with disturbed morphology"
587728669345710249,spiral galaxy with a noticeable bulge
587730846355554536,"spiral galaxy with tightly wound arms, with a ring, with a modest bulge"
587737825684095146,"spiral galaxy with a pair of spiral arms, with a central bar, with a ring structure, with a noticeable round bulge"
587726102032220637,"spiral galaxy with tightly wound arms, with a modest bulge"
587738947204743350,rounded/cigar-shaped spiral galaxy with a central bar
587735491363012765,spiral galaxy with a modest rounded bulge
587739812098343115,spiral galaxy with a noticeable round bulge
587731873390133416,"spiral galaxy with moderately wound arms, with 3 spiral arms"
587739114173300888,"spiral galaxy with tightly wound spiral arms, with a central bar, with a noticeable bulge"
587738947209396369,"spiral galaxy with moderately wound arms, with a ring"
588017702931857556,spiral galaxy with tightly wound spiral arms
587741390497185942,"barred spiral galaxy with a ring, with a modest rounded bulge"
588018253224739078,"spiral galaxy with tightly wound spiral arms, with signs of disturbance, with a noticeable round bulge"
587725039026110540,"spiral galaxy with tightly wound arms, with 2 spiral arms, with a ring"
587739810487861318,irregular galaxy with a noticeable bulge
588017627230830672,"barred interacting/merging spiral galaxy with loosely wound arms, with 2 spiral arms"
587742015441404032,"spiral galaxy with moderately wound spiral arms, with a conspicuous round bulge"
588017721182846982,"barred spiral galaxy with 2 spiral arms, with a modest bulge"
587736977416716457,spiral galaxy with a conspicuous bulge
587741815173283994,"barred spiral galaxy with 2 spiral arms, with a modest rounded bulge"
587739844321542245,rounded/cigar-shaped spiral galaxy with a ring structure
588017603605168192,spiral galaxy
588848899927114022,"spiral galaxy with tightly wound spiral arms, with a pair of spiral arms, with a ring structure, with a conspicuous round bulge"
587727944029634735,"spiral galaxy with loosely wound arms, with 2 spiral arms"
587733440509903085,"rounded/cigar-shaped spiral galaxy with moderately wound spiral arms, with a ring structure"
587726014544543937,"spiral galaxy with loosely wound arms, with a ring, with a modest bulge"
587739719768342634,"spiral galaxy with tightly wound spiral arms, with a ring structure, with dust lanes, with a noticeable bulge"
587738564405035737,barred spiral galaxy with loosely wound arms
587742611884998674,"spiral galaxy with a ring structure, with a noticeable bulge"
588848899385721085,barred irregular galaxy with a modest bulge
588017726005248093,"spiral galaxy with a pair of spiral arms, with a central bar"
587730022258376919,spiral galaxy
587741532249980994,spiral galaxy with tightly wound spiral arms
587733605329207415,"barred spiral galaxy with 2 spiral arms, with a ring"
587734863757312141,"spiral galaxy with a ring structure, with a conspicuous round bulge"
587734623235080737,"spiral galaxy with moderately wound arms, with a modest bulge"
587735347484164179,"spiral galaxy with a central bar, with a ring structure"
587739815850148060,barred spiral galaxy with tightly wound arms
587739845393580433,"spiral galaxy with tightly wound spiral arms, with a noticeable round bulge"
587744727151083746,barred spiral galaxy with a ring
588018254295793956,"spiral galaxy with tightly wound spiral arms, with a ring structure, with a conspicuous bulge"
587731500257247401,"barred spiral galaxy with tightly wound arms, with a ring"
587738570857054239,"spiral galaxy with tightly wound spiral arms, with a conspicuous bulge"
588848899892707594,spiral galaxy
587739130804830369,"spiral galaxy with tightly wound spiral arms, with three spiral arms"
587732771053043914,spiral galaxy with a ring
587729386604658881,spiral galaxy with a noticeable bulge
587736916759085402,barred irregular galaxy with a modest bulge
587733429774254155,"rounded/cigar-shaped spiral galaxy with moderately wound spiral arms, seen edge-on, with a noticeable round bulge"
587731681188184100,"spiral galaxy with tightly wound arms, with a ring, with a modest bulge"
588017977801179268,"rounded/cigar-shaped spiral galaxy with loosely wound spiral arms, with a pair of spiral arms, seen edge-on"
587732771035021476,"spiral galaxy with tightly wound arms, with a modest bulge"
587741421095682122,"spiral galaxy with a central bar, with a noticeable bulge"
587736584438153528,"spiral galaxy with tightly wound arms, with more than 5 spiral arms, with a ring, with a dust lane, with a prominent bulge"
587739809959117122,"spiral galaxy with moderately wound spiral arms, with a central bar, with a noticeable round bulge"
587744729297256656,"barred spiral galaxy with loosely wound arms, with more than 5 spiral arms, with disturbed morphology, with a modest bulge"
587731514220347522,"spiral galaxy with a pair of spiral arms, with a central bar, with a ring structure"
587735661552599215,"spiral galaxy with tightly wound arms, with a ring, with a prominent bulge"
587739720291647552,"spiral galaxy with tightly wound spiral arms, with a central bar, with a ring structure"
587738947736567961,spiral galaxy with a modest rounded bulge
587739507156844671,"spiral galaxy with tightly wound spiral arms, with signs of disturbance"
587738570855546984,barred spiral galaxy with tightly wound arms
587735664772907164,spiral galaxy in a merger
587742566782402690,spiral galaxy with a modest bulge
587733609623388284,rounded/cigar-shaped spiral galaxy
587724648722989232,"spiral galaxy with tightly wound arms, with a ring"
587726032240640139,"spiral galaxy with tightly wound spiral arms, with a ring structure, with a conspicuous round bulge"
587739827669434558,irregular galaxy
587727866716684308,"rounded/cigar-shaped spiral galaxy with a ring structure, with a noticeable round bulge"
587732703405998202,"rounded/cigar-shaped edge-on spiral galaxy with tightly wound arms, with a modest rounded bulge"
587732582051545239,spiral galaxy with a conspicuous bulge
587735349096874150,"spiral galaxy with 3 spiral arms, with a ring, with a modest bulge"
587736782532837460,"spiral galaxy with moderately wound spiral arms, with a single spiral arm, with a ring structure"
587741817305760160,"barred spiral galaxy with tightly wound arms, with 3 spiral arms, with a ring"
587738411408228502,spiral galaxy with tightly wound spiral arms
587739719226949725,spiral galaxy with a prominent bulge
587739381522563185,"rounded/cigar-shaped spiral galaxy with loosely wound spiral arms, with a pair of spiral arms"
588016879364079692,spiral galaxy
587739811562782830,"rounded/cigar-shaped spiral galaxy with tightly wound spiral arms, with a noticeable bulge"
587728879259287584,"spiral galaxy with tightly wound arms, with a ring"
587725503410405687,spiral galaxy with loosely wound spiral arms
588017703466041477,spiral galaxy with tightly wound arms
588848899370778796,spiral galaxy with moderately wound spiral arms
587739844322787438,"rounded/cigar-shaped barred edge-on spiral galaxy with tightly wound arms, with a modest rounded bulge"
587741489817256342,"spiral galaxy with tightly wound spiral arms, with a ring structure"
587742614560309447,"spiral galaxy with moderately wound arms, with a ring"
588017704022507833,"rounded/cigar-shaped spiral galaxy with moderately wound spiral arms, with a pair of spiral arms, seen edge-on, with a central bar"
587739721379348703,"spiral galaxy with moderately wound arms, with 1 spiral arm, with a ring"
587724648717549850,"rounded/cigar-shaped spiral galaxy with a central bar, with a noticeable bulge"
587734303266898118,elliptical galaxy with a prominent bulge
587739459908337843,"elliptical galaxy with a lens/arc feature, with a conspicuous round bulge"
587742864743137371,edge-on elliptical galaxy
587739719216988293,irregular galaxy with a noticeable bulge
588017977275908173,"barred elliptical galaxy with a ring, with a prominent bulge"
587739609707118734,elliptical galaxy with signs of disturbance
587733431922720928,"elliptical galaxy with a ring, with a prominent bulge"
588018254302478639,elliptical galaxy with a very large bulge
587739706333462710,"elliptical galaxy with a ring, with disturbed morphology, with a prominent rounded bulge"
587739609162580091,elliptical galaxy with a ring structure
588017702930415752,"elliptical galaxy with a ring, with a dominant bulge"
588010879830327398,"elliptical galaxy in a merger, with a noticeable bulge"
588015508207239342,"elliptical galaxy with a ring, with a modest bulge"
587732577222787441,elliptical galaxy with a conspicuous bulge
587739098058260640,"elliptical galaxy with disturbed morphology, with a prominent bulge"
587732702314299727,spiral galaxy with a noticeable bulge
587725492136313126,"elliptical galaxy with a ring, with a modest bulge"
587726015620841678,elliptical galaxy
587725503946686565,elliptical galaxy with a prominent bulge
587739459373039804,elliptical galaxy
587739153892442346,barred irregular galaxy
587736524299108484,"elliptical galaxy with a ring structure, with a noticeable bulge"
587734623243141191,elliptical galaxy with a prominent bulge
588848898827354232,elliptical galaxy
587742060531613832,irregular galaxy with a prominent bulge
587729157903876268,"elliptical galaxy with a central bar, with a very large bulge"
587739629558104223,elliptical galaxy with a prominent rounded bulge
587726032775938164,rounded/cigar-shaped elliptical galaxy with a lens/arc feature
587729387684626568,rounded/cigar-shaped barred elliptical galaxy with a small or non-existent bulge
587735666396103019,elliptical galaxy
587732771591356583,elliptical galaxy with a modest rounded bulge
587735428545511530,"elliptical galaxy seen edge-on, with dust lanes"
587742627990732974,elliptical galaxy with a ring
587739380992442398,elliptical galaxy
587733605868503261,elliptical galaxy with a prominent bulge
587731512612356113,"elliptical galaxy with a central bar, with dust lanes, with a conspicuous round bulge"
588013382208651420,rounded/cigar-shaped barred edge-on elliptical galaxy with a prominent rounded bulge
587732771578380440,elliptical galaxy with a ring structure
587725492135002203,"elliptical galaxy with a ring, with a modest bulge"
588015508216873146,elliptical galaxy with a conspicuous round bulge
587742595231383672,elliptical galaxy with a prominent bulge
587742191523070056,elliptical galaxy
587725551216754733,"elliptical galaxy with a ring, with a lens/arc feature, with a prominent bulge"
587739153892573411,elliptical galaxy
587739607547314314,rounded/cigar-shaped spiral galaxy
587734950205456505,rounded/cigar-shaped elliptical galaxy seen edge-on
587741600415350932,barred elliptical galaxy
587742609993826447,elliptical galaxy with a very large bulge
587742012761440455,rounded/cigar-shaped edge-on elliptical galaxy
587730023330152621,elliptical galaxy with a noticeable round bulge
587736619858133118,elliptical galaxy
588017721716375557,"elliptical galaxy with a central bar, with a ring structure"
588010359624827028,spiral galaxy with a prominent bulge
587742865278238818,elliptical galaxy with a ring structure
587722983907328344,elliptical galaxy with a dominant rounded bulge
588017604163928209,elliptical galaxy
587739376702980260,rounded/cigar-shaped elliptical galaxy
587739812095983773,elliptical galaxy with a very large bulge
588011218061885581,elliptical galaxy with a dominant bulge
587739406768078988,elliptical galaxy
587733399186047312,elliptical galaxy with a dust lane
587732134310248624,elliptical galaxy
588848899374711007,elliptical galaxy
587722982291472386,"elliptical galaxy with signs of disturbance, with a conspicuous round bulge"
587729158434193606,elliptical galaxy
587735662626668661,elliptical galaxy with a conspicuous bulge
587735490818670621,elliptical galaxy with a ring
587725577497084154,irregular galaxy with a conspicuous bulge
587731512606326967,spiral galaxy with a prominent bulge
587741727121080463,elliptical galaxy with a conspicuous bulge
587732771051929763,"rounded/cigar-shaped barred elliptical galaxy with a dust lane, with a lens/arc feature, with a modest boxy bulge"
588010358547153094,elliptical galaxy with a conspicuous bulge
587726031724609676,"elliptical galaxy with a ring, with a modest bulge"
587736619863835005,"rounded/cigar-shaped elliptical galaxy with a central bar, with a noticeable round bulge"
587736478133911774,elliptical galaxy with a prominent bulge
587735744223772906,"elliptical galaxy with dust lanes, with a very large round bulge"
587734949654233463,elliptical galaxy
587735664777167054,elliptical galaxy
588017703465648154,elliptical galaxy
587739845392728470,rounded/cigar-shaped elliptical galaxy with a conspicuous bulge
587734623237112185,elliptical galaxy with a small or non-existent bulge
587734305416282350,"elliptical galaxy with a lens/arc feature, with a conspicuous bulge"
587739811567239394,"barred elliptical galaxy with disturbed morphology, with a prominent rounded bulge"
587741602560344173,elliptical galaxy with a conspicuous bulge
587735344260579536,"rounded/cigar-shaped elliptical galaxy with a ring, with a small or non-existent bulge"
587732048940957857,elliptical galaxy with a conspicuous bulge
587725041163960422,"rounded/cigar-shaped elliptical galaxy with a ring, with a prominent bulge"
587724650337403069,elliptical galaxy
588297865253552243,edge-on elliptical galaxy
587732482206531669,"elliptical galaxy with signs of disturbance, with a noticeable bulge"
587733604258152716,elliptical galaxy with a prominent rounded bulge
587741727654543388,"spiral galaxy with a central bar, with a ring structure"
588017977842073988,elliptical galaxy with a modest bulge
587745402535346351,elliptical galaxy
588016879899836715,elliptical galaxy
587741721753223356,"elliptical galaxy with a lens/arc feature, with a conspicuous bulge"
588015508200751249,barred elliptical galaxy with a prominent bulge
587739166237851766,elliptical galaxy with a conspicuous round bulge
587742189377028196,"elliptical galaxy with disturbed morphology, with a prominent bulge"
587736479201493135,elliptical galaxy with a very large bulge
588013383272693940,elliptical galaxy with a prominent bulge
587732484342415608,elliptical galaxy
587731868019654768,elliptical galaxy
587733397574385826,elliptical galaxy with a noticeable bulge
587725502873469085,"elliptical galaxy with disturbed morphology, with a prominent rounded bulge"
588017702412681493,elliptical galaxy with a conspicuous bulge
588016528244342953,"elliptical galaxy with a ring, with a small or non-existent bulge"
587735240100610183,elliptical galaxy with a conspicuous bulge
587736976348610756,"elliptical galaxy with disturbed morphology, with a prominent bulge"
587731870172381304,elliptical galaxy with a conspicuous bulge
587736477055451402,elliptical galaxy with a prominent bulge
587728309634597010,elliptical galaxy with a noticeable round bulge
588848899897950369,"barred edge-on elliptical galaxy with disturbed morphology, with a prominent bulge"
587735666916327522,elliptical galaxy with a noticeable bulge
587742061086376062,elliptical galaxy
587742610266849619,elliptical galaxy
587728668803793232,elliptical galaxy with a prominent bulge
587736586047062263,rounded/cigar-shaped spiral galaxy with a conspicuous round bulge
588017991223345252,interacting/merging elliptical galaxy with a prominent bulge
587733410457911661,"elliptical galaxy with a ring structure, with a very large bulge"
587738568705966195,elliptical galaxy with a dominant bulge
587729776902340828,"rounded/cigar-shaped elliptical galaxy in a merger, seen edge-on"
587745403617607780,elliptical galaxy with a prominent bulge
587739651569549429,elliptical galaxy with a conspicuous bulge
588016879904161940,"elliptical galaxy with disturbed morphology, with a dominant bulge"
587724650874929209,irregular galaxy
587739115237408991,elliptical galaxy with a prominent bulge
587739707413823617,elliptical galaxy with a conspicuous round bulge
587736942522400934,elliptical galaxy with a modest bulge
587742626912075825,elliptical galaxy
588010880382795906,"elliptical galaxy with disturbed morphology, with a modest bulge"
587726015625560324,elliptical galaxy with a conspicuous bulge
588018056191410369,elliptical galaxy
587728947975290991,elliptical galaxy with a conspicuous bulge
588015510345220223,elliptical galaxy with a prominent bulge
587734622698275052,elliptical galaxy with a conspicuous bulge
587732577229406405,rounded/cigar-shaped edge-on elliptical galaxy
587745541059117163,elliptical galaxy with a ring structure
587739157113339908,rounded/cigar-shaped edge-on elliptical galaxy with a prominent rounded bulge
587742573761527922,"elliptical galaxy with a ring structure, with dust lanes, with signs of disturbance"
587741531716190330,elliptical galaxy with a prominent bulge
588023669706326168,"elliptical galaxy with a ring structure, with a conspicuous bulge"
587738410865983510,elliptical galaxy with a modest bulge
588297865267839068,elliptical galaxy with a noticeable bulge
587735694837940265,elliptical galaxy with a prominent bulge
587739843773792295,elliptical galaxy with signs of disturbance
587729970182029526,"elliptical galaxy with disturbed morphology, with a prominent bulge"
587727942960611408,elliptical galaxy
587736477059514648,rounded/cigar-shaped elliptical galaxy with a ring
587742013293789246,elliptical galaxy with a noticeable bulge
587725818036486283,elliptical galaxy
587729158440616025,elliptical galaxy with a very large bulge
587725773997736013,elliptical galaxy
587732578831106533,elliptical galaxy
587736915678593357,elliptical galaxy with a prominent bulge
587736541476880494,elliptical galaxy with a conspicuous bulge
588015508757676193,elliptical galaxy with a modest bulge
587729228764807419,elliptical galaxy with a ring structure
587729228224856207,interacting/merging elliptical galaxy with a prominent bulge
588018253764821187,elliptical galaxy with a noticeable bulge
587741709397852208,elliptical galaxy with a prominent bulge
587742012744532080,rounded/cigar-shaped elliptical galaxy with a noticeable round bulge
587725816951013536,barred elliptical galaxy
587733609631252724,elliptical galaxy
587729157902303368,elliptical galaxy with a ring
587739827665961054,elliptical galaxy with a very large bulge
587741489834885234,irregular galaxy with a modest bulge
587742772943716459,rounded/cigar-shaped spiral galaxy with signs of disturbance
587733409910423696,elliptical galaxy
587742013302702348,"elliptical galaxy with a lens/arc feature, with a very large bulge"
588015510343647386,elliptical galaxy with disturbed morphology
587726032774758557,elliptical galaxy
587736975805841654,elliptical galaxy with a prominent bulge
588007003634794618,elliptical galaxy with a ring structure
587738952028389633,interacting/merging elliptical galaxy
588017991232127200,rounded/cigar-shaped elliptical galaxy
587744873715073220,elliptical galaxy
587742190448476296,elliptical galaxy with a noticeable bulge
587742061602734254,"elliptical galaxy with a ring, with a modest bulge"
587729388225953915,elliptical galaxy with a faint or not prominent bulge
587739303139672071,elliptical galaxy with a small or non-existent bulge
588018253758660718,elliptical galaxy with a faint or not prominent round bulge
587741709423018017,elliptical galaxy with a prominent bulge
587741726039212197,elliptical galaxy with a noticeable bulge
588016878829895876,elliptical galaxy with a modest bulge
587742567852277890,elliptical galaxy with a conspicuous bulge
587733398096183478,irregular galaxy with a small or non-existent bulge
587736618787537162,"elliptical galaxy with signs of disturbance, with a conspicuous bulge"
588017991772274921,irregular galaxy with a small or non-existent bulge
587739844854088057,spiral galaxy
587731889502683384,elliptical galaxy with a modest bulge
587733399708106826,elliptical galaxy with a conspicuous bulge
587733079200694401,rounded/cigar-shaped edge-on elliptical galaxy with a ring
588017702920585382,elliptical galaxy with signs of disturbance
587739304753889346,"elliptical galaxy with a ring, with a modest bulge"
587724648722464836,elliptical galaxy
587741532253061155,elliptical galaxy with a ring
587731185120444593,"elliptical galaxy with dust lanes, with a conspicuous bulge"
587725816953831539,elliptical galaxy
587732134312804473,elliptical galaxy with a ring structure
588017704531656793,rounded/cigar-shaped edge-on interacting/merging elliptical galaxy
587739459372187780,elliptical galaxy with a noticeable bulge
587733397572747414,elliptical galaxy with a modest rounded bulge
587725819103477992,"elliptical galaxy with signs of disturbance, with a faint or not prominent bulge"
588016526098497670,elliptical galaxy
587724649255534689,elliptical galaxy with a conspicuous bulge
588023669168537869,elliptical galaxy with a modest bulge
587739721381576942,rounded/cigar-shaped elliptical galaxy with a noticeable bulge
587742061629014278,rounded/cigar-shaped edge-on elliptical galaxy
587738411401478200,elliptical galaxy with a faint or not prominent round bulge
587735042539978944,elliptical galaxy
588017978358300686,elliptical galaxy
587732592255041721,"elliptical galaxy with a dust lane, with disturbed morphology, with a modest bulge"
588007003919351879,"rounded/cigar-shaped elliptical galaxy seen edge-on, with a conspicuous round bulge"
587739408386162821,elliptical galaxy with a modest bulge
587731513154011230,elliptical galaxy with a noticeable bulge
588848900441899063,elliptical galaxy
587741707807227912,elliptical galaxy
587725551206269029,"elliptical galaxy with a ring, with a prominent boxy bulge"
587732702313709810,"elliptical galaxy with a ring structure, with a conspicuous round bulge"
587739295087198289,rounded/cigar-shaped spiral galaxy with a prominent rounded bulge
587742775096115342,"rounded/cigar-shaped irregular galaxy with a central bar, with a noticeable bulge"
587735344259727524,elliptical galaxy with a prominent bulge
588297863657685116,irregular galaxy with a conspicuous bulge
588298663038025903,elliptical galaxy with a prominent bulge
587739505549115494,elliptical galaxy with a conspicuous bulge
587741708346261666,elliptical galaxy with a modest bulge
588298662505808052,elliptical galaxy
587742189897842812,elliptical galaxy
587739407314649261,"elliptical galaxy with a ring structure, with signs of disturbance, with a noticeable bulge"
587735347493863683,rounded/cigar-shaped barred elliptical galaxy with a lens/arc feature
587741727123570830,elliptical galaxy with a noticeable bulge
587738568175255758,elliptical galaxy with a dominant bulge
587745969465524673,elliptical galaxy
587733080816025761,edge-on elliptical galaxy with a prominent rounded bulge
588011124119306288,"elliptical galaxy with a ring structure, with a conspicuous round bulge"
587731185133224056,irregular galaxy
588298664117272748,"elliptical galaxy with a ring structure, with a conspicuous round bulge"
587735348564787211,elliptical galaxy with a prominent rounded bulge
587735667450380515,elliptical galaxy with a very large bulge
587736619327422935,elliptical galaxy with a prominent bulge
587731680657014950,elliptical galaxy with a very large bulge
588017721713164429,elliptical galaxy
587729748447985929,elliptical galaxy with a conspicuous bulge
587729386076307561,elliptical galaxy
587739828202373159,"elliptical galaxy with a ring structure, with a noticeable bulge"
588018055666860585,"elliptical galaxy with a lens/arc feature, with a modest bulge"
587732578312781977,"elliptical galaxy with a central bar, with a conspicuous bulge"
587742616706678896,elliptical galaxy
587741601498136588,elliptical galaxy with a conspicuous bulge
587741816787107980,rounded/cigar-shaped edge-on spiral galaxy
587729408084934820,"rounded/cigar-shaped spiral galaxy seen edge-on, with a central bar, with dust lanes, with a faint or not prominent bulge"
587739706878263510,rounded/cigar-shaped edge-on spiral galaxy with disturbed morphology
587725993036022018,"rounded/cigar-shaped galaxy seen edge-on, with a faint or not prominent bulge"
587731886273069409,"rounded/cigar-shaped edge-on spiral galaxy with loosely wound arms, with 1 spiral arm, with a prominent rounded bulge"
588018055651000504,rounded/cigar-shaped spiral galaxy seen edge-on
587731892188151879,rounded/cigar-shaped edge-on interacting/merging galaxy
587732702314758616,rounded/cigar-shaped spiral galaxy seen edge-on
587733431919509882,rounded/cigar-shaped edge-on spiral galaxy with disturbed morphology
587736809912926377,"rounded/cigar-shaped galaxy seen edge-on, with signs of disturbance"
587735696449863806,rounded/cigar-shaped edge-on spiral galaxy with disturbed morphology
587732578844344559,"rounded/cigar-shaped spiral galaxy seen edge-on, with a ring structure"
587741602037825700,rounded/cigar-shaped edge-on spiral galaxy with a small or non-existent rounded bulge
588018254294941810,"rounded/cigar-shaped spiral galaxy seen edge-on, with a noticeable round bulge"
587742550677323904,"rounded/cigar-shaped edge-on spiral galaxy with a ring, with a prominent rounded bulge"
588015507671351371,"rounded/cigar-shaped spiral galaxy seen edge-on, with a central bar, with a ring structure, with a faint or not prominent round bulge"
587725469059973278,"rounded/cigar-shaped barred edge-on spiral galaxy with a dust lane, with a prominent rounded bulge"
587731889501831361,"rounded/cigar-shaped galaxy seen edge-on, with a faint or not prominent round bulge"
588015508749680782,"rounded/cigar-shaped edge-on spiral galaxy with a dust lane, with a modest rounded bulge"
587738615951589410,"galaxy seen edge-on, with a conspicuous round bulge"
587742577531814030,rounded/cigar-shaped edge-on spiral galaxy
587739708495233353,"rounded/cigar-shaped spiral galaxy seen edge-on, with a noticeable round bulge"
588017702944637145,rounded/cigar-shaped edge-on spiral galaxy with a prominent rounded bulge
587735343191425169,"rounded/cigar-shaped galaxy seen edge-on, with a faint or not prominent bulge"
587735695909912783,rounded/cigar-shaped edge-on spiral galaxy with a modest rounded bulge
587733080818254009,"rounded/cigar-shaped spiral galaxy seen edge-on, with a central bar, with a noticeable round bulge"
587726031715369115,"rounded/cigar-shaped edge-on spiral galaxy with a dust lane, with a modest bulge"
587739407317794931,"rounded/cigar-shaped spiral galaxy seen edge-on, with a conspicuous round bulge"
587729160049000617,rounded/cigar-shaped edge-on spiral galaxy with a modest rounded bulge
587739646743281830,rounded/cigar-shaped spiral galaxy seen edge-on
587738067269058812,rounded/cigar-shaped edge-on spiral galaxy with a small or non-existent rounded bulge
587735428541644858,"rounded/cigar-shaped galaxy seen edge-on, with signs of disturbance"
587732590645149861,rounded/cigar-shaped edge-on spiral galaxy
587726101494890819,"rounded/cigar-shaped spiral galaxy with loosely wound spiral arms, with a pair of spiral arms, in a merger, seen edge-on, with a noticeable round bulge"
588010359080222875,rounded/cigar-shaped edge-on spiral galaxy
587734948584030466,"rounded/cigar-shaped spiral galaxy seen edge-on, with a faint or not prominent bulge"
587738946142077085,rounded/cigar-shaped edge-on spiral galaxy
587731887343927520,"rounded/cigar-shaped spiral galaxy seen edge-on, with a noticeable round bulge"
588016878822162686,rounded/cigar-shaped barred edge-on spiral galaxy with a modest rounded bulge
587739707957575911,rounded/cigar-shaped spiral galaxy seen edge-on
587735744227901715,"rounded/cigar-shaped edge-on spiral galaxy with a dust lane, with a small or non-existent rounded bulge"
587732771048325249,rounded/cigar-shaped spiral galaxy seen edge-on
587734622705090730,rounded/cigar-shaped edge-on spiral galaxy
587733409908326561,rounded/cigar-shaped spiral galaxy seen edge-on
587734893829750911,rounded/cigar-shaped edge-on spiral galaxy with a modest bulge
588017979443577036,"rounded/cigar-shaped spiral galaxy seen edge-on, with a faint or not prominent round bulge"
588017990686802085,"rounded/cigar-shaped edge-on spiral galaxy with a ring, with a prominent rounded bulge"
587739707406549191,"rounded/cigar-shaped spiral galaxy seen edge-on, with a ring structure, with a noticeable round bulge"
587725470671306952,rounded/cigar-shaped edge-on interacting/merging galaxy with a modest bulge
587741533849256132,rounded/cigar-shaped spiral galaxy seen edge-on
587742774567764070,rounded/cigar-shaped edge-on irregular galaxy
587722981746540704,rounded/cigar-shaped spiral galaxy seen edge-on
587726015630344588,rounded/cigar-shaped edge-on spiral galaxy with disturbed morphology
587728932417437868,"rounded/cigar-shaped spiral galaxy seen edge-on, with signs of disturbance, with a conspicuous round bulge"
587742014348460171,rounded/cigar-shaped edge-on spiral galaxy with a prominent rounded bulge
587729652892762712,"rounded/cigar-shaped spiral galaxy seen edge-on, with a faint or not prominent round bulge"
587731680649019647,rounded/cigar-shaped edge-on spiral galaxy with disturbed morphology
587741490371166352,rounded/cigar-shaped spiral galaxy seen edge-on
587729752747803006,edge-on spiral galaxy with a dust lane
588017947750170722,"rounded/cigar-shaped spiral galaxy seen edge-on, with a central bar, with dust lanes"
588015509278228570,"rounded/cigar-shaped edge-on spiral galaxy with a dust lane, with a small or non-existent rounded bulge"
587736619867767004,"rounded/cigar-shaped spiral galaxy seen edge-on, with a central bar, with a very large round bulge"
587731521739096277,rounded/cigar-shaped edge-on spiral galaxy with a ring
588010880372310121,"rounded/cigar-shaped spiral galaxy seen edge-on, with dust lanes, with a noticeable round bulge"
587722984443674713,rounded/cigar-shaped barred edge-on galaxy with a prominent rounded bulge
588010878764711956,rounded/cigar-shaped spiral galaxy seen edge-on
588017112365006891,rounded/cigar-shaped edge-on irregular galaxy
587741709403947250,"rounded/cigar-shaped spiral galaxy seen edge-on, with a central bar, with a noticeable round bulge"
587733412061970563,rounded/cigar-shaped edge-on spiral galaxy with disturbed morphology
587738617024479277,"rounded/cigar-shaped spiral galaxy seen edge-on, with a noticeable round bulge"
587741532784361536,rounded/cigar-shaped edge-on spiral galaxy
587731869632495783,"rounded/cigar-shaped spiral galaxy seen edge-on, with a noticeable round bulge"
587736543093784725,rounded/cigar-shaped barred edge-on spiral galaxy
587735664768516258,"rounded/cigar-shaped irregular galaxy seen edge-on, with a noticeable round bulge"
587731187282673824,"rounded/cigar-shaped edge-on spiral galaxy with a ring, with a prominent rounded bulge"
588017710978760914,rounded/cigar-shaped spiral galaxy seen edge-on
587739098599915583,rounded/cigar-shaped edge-on spiral galaxy with a modest rounded bulge
587739096446927021,rounded/cigar-shaped spiral galaxy seen edge-on
587736584976597174,rounded/cigar-shaped edge-on galaxy
587742589330522530,rounded/cigar-shaped spiral galaxy seen edge-on
587739721912615079,rounded/cigar-shaped edge-on galaxy
587742578055643154,"rounded/cigar-shaped galaxy seen edge-on, with a noticeable bulge"
587739707425096083,rounded/cigar-shaped edge-on spiral galaxy with a modest bulge
587734622706860223,"rounded/cigar-shaped irregular galaxy seen edge-on, with a noticeable round bulge"
587733604266410066,rounded/cigar-shaped edge-on spiral galaxy
587722982293766366,rounded/cigar-shaped spiral galaxy seen edge-on
587739721383084329,"edge-on galaxy with a ring, with a modest rounded bulge"
587722983911850245,rounded/cigar-shaped spiral galaxy seen edge-on
588016878294204578,rounded/cigar-shaped edge-on irregular galaxy
587725074458345636,rounded/cigar-shaped spiral galaxy seen edge-on
587739115773231499,rounded/cigar-shaped edge-on spiral galaxy with a small or non-existent bulge
587736543629476089,"rounded/cigar-shaped irregular galaxy seen edge-on, with a noticeable round bulge"
587732483302752508,rounded/cigar-shaped edge-on spiral galaxy
587739608090083477,"rounded/cigar-shaped spiral galaxy seen edge-on, with a central bar, with a conspicuous round bulge"
587731891649380503,rounded/cigar-shaped edge-on spiral galaxy with a small or non-existent bulge
587739407872688404,rounded/cigar-shaped spiral galaxy seen edge-on
587742191510356067,rounded/cigar-shaped edge-on spiral galaxy with disturbed morphology
587736976347562294,rounded/cigar-shaped spiral galaxy seen edge-on
587731185673306218,rounded/cigar-shaped edge-on galaxy
588017703458111656,"rounded/cigar-shaped spiral galaxy seen edge-on, with a faint or not prominent bulge"
587735347486720131,rounded/cigar-shaped edge-on spiral galaxy
587732156316975235,"rounded/cigar-shaped galaxy seen edge-on, with a central bar, with a conspicuous round bulge"
588017977277218892,rounded/cigar-shaped barred edge-on spiral galaxy with a modest rounded bulge
588018057258926316,rounded/cigar-shaped spiral galaxy seen edge-on
588015508207173754,rounded/cigar-shaped edge-on galaxy with a modest bulge
588023046401884476,"rounded/cigar-shaped spiral galaxy seen edge-on, with a central bar, with a ring structure, with a conspicuous round bulge"
587741817856327836,rounded/cigar-shaped edge-on spiral galaxy
588848899385262279,"rounded/cigar-shaped spiral galaxy seen edge-on, with dust lanes"
587736584974762351,"rounded/cigar-shaped edge-on spiral galaxy with a ring, with a modest rounded bulge"
587725817495617661,"rounded/cigar-shaped spiral galaxy with loosely wound spiral arms, with a pair of spiral arms, seen edge-on"
587739406780465193,rounded/cigar-shaped edge-on spiral galaxy with a dust lane
587725816961695856,"rounded/cigar-shaped spiral galaxy seen edge-on, with dust lanes"
587725492671217979,rounded/cigar-shaped edge-on spiral galaxy with a modest bulge
587734622704042325,"rounded/cigar-shaped spiral galaxy seen edge-on, with a ring structure, with a conspicuous round bulge"
587741533857972256,rounded/cigar-shaped edge-on spiral galaxy with a ring
587731173843730515,"rounded/cigar-shaped spiral galaxy seen edge-on, with a ring structure"
587731514221723827,rounded/cigar-shaped edge-on spiral galaxy with a dust lane
588015508746535149,"rounded/cigar-shaped spiral galaxy seen edge-on, with signs of disturbance, with a conspicuous round bulge"
587724648726986830,rounded/cigar-shaped edge-on spiral galaxy
587733609623912608,rounded/cigar-shaped spiral galaxy seen edge-on
587742577524801587,rounded/cigar-shaped edge-on spiral galaxy with a small or non-existent bulge
587736543099355300,"spiral galaxy seen edge-on, with a central bar"
588017948812050531,rounded/cigar-shaped edge-on spiral galaxy
588017991229702299,"rounded/cigar-shaped spiral galaxy seen edge-on, with a noticeable round bulge"
587739646743085255,"rounded/cigar-shaped edge-on spiral galaxy with tightly wound arms, with a modest bulge"
588017604143546443,rounded/cigar-shaped spiral galaxy seen edge-on
587741490905088153,rounded/cigar-shaped edge-on spiral galaxy
587726032227860792,rounded/cigar-shaped irregular galaxy seen edge-on
587732770515321050,"rounded/cigar-shaped edge-on spiral galaxy with a ring, with a dust lane"
587732469852602568,"rounded/cigar-shaped spiral galaxy seen edge-on, with a noticeable round bulge"
587733411522871451,"rounded/cigar-shaped edge-on spiral galaxy with a dust lane, with a dominant bulge"
587739408389308468,rounded/cigar-shaped spiral galaxy seen edge-on
587736751933555021,rounded/cigar-shaped edge-on spiral galaxy with a ring
587739646209163461,rounded/cigar-shaped spiral galaxy seen edge-on
587739407328346335,rounded/cigar-shaped edge-on spiral galaxy
588009366936682670,"rounded/cigar-shaped spiral galaxy seen edge-on, with a ring structure, with a conspicuous round bulge"
587742014347149440,rounded/cigar-shaped edge-on spiral galaxy with a prominent bulge
588011124650541185,rounded/cigar-shaped irregular galaxy seen edge-on
587734623238291691,rounded/cigar-shaped edge-on spiral galaxy
587742014344331366,"rounded/cigar-shaped spiral galaxy seen edge-on, with a noticeable round bulge"
587736585512747222,rounded/cigar-shaped edge-on spiral galaxy
587736584975286542,rounded/cigar-shaped galaxy seen edge-on
587734621627220336,rounded/cigar-shaped edge-on spiral galaxy with a modest rounded bulge
588017949346365566,rounded/cigar-shaped spiral galaxy seen edge-on
587725576427340065,rounded/cigar-shaped barred edge-on irregular galaxy with a small or non-existent rounded bulge
587738615415242878,rounded/cigar-shaped spiral galaxy seen edge-on
587742775636525143,rounded/cigar-shaped edge-on spiral galaxy with a modest bulge
587736477593043089,"rounded/cigar-shaped spiral galaxy seen edge-on, with signs of disturbance, with a noticeable round bulge"
587739130816757898,rounded/cigar-shaped edge-on spiral galaxy
587731870708400304,rounded/cigar-shaped spiral galaxy seen edge-on
587736585509339448,rounded/cigar-shaped edge-on spiral galaxy with a ring
587741533842767999,"rounded/cigar-shaped spiral galaxy seen edge-on, with a faint or not prominent bulge"
587735349634662555,rounded/cigar-shaped edge-on galaxy
587728905560981874,"rounded/cigar-shaped spiral galaxy seen edge-on, with a ring structure, with a noticeable round bulge"
587725552817471612,rounded/cigar-shaped edge-on galaxy with a small or non-existent bulge
587736807764000771,"spiral galaxy seen edge-on, with a central bar, with a conspicuous round bulge"
587739385817203075,rounded/cigar-shaped edge-on spiral galaxy
587731187807486076,"rounded/cigar-shaped spiral galaxy seen edge-on, with a faint or not prominent bulge"
587729777975886040,rounded/cigar-shaped edge-on spiral galaxy
587745244165243017,"rounded/cigar-shaped spiral galaxy seen edge-on, with signs of disturbance"
587725551744974913,rounded/cigar-shaped edge-on galaxy
587739706343162023,"rounded/cigar-shaped irregular galaxy seen edge-on, with a conspicuous round bulge"
587733441584496773,rounded/cigar-shaped edge-on spiral galaxy
588017570310848601,rounded/cigar-shaped spiral galaxy seen edge-on
587742775639539860,rounded/cigar-shaped edge-on spiral galaxy with a small or non-existent bulge
588848899356229845,"rounded/cigar-shaped spiral galaxy seen edge-on, with a faint or not prominent bulge"
588011219674333315,rounded/cigar-shaped edge-on spiral galaxy with a small or non-existent bulge
587735348033290418,"rounded/cigar-shaped spiral galaxy seen edge-on, with a conspicuous round bulge"
587735430692798640,"rounded/cigar-shaped edge-on spiral galaxy with disturbed morphology, with a modest rounded bulge"
587732053777580219,"rounded/cigar-shaped spiral galaxy seen edge-on, with a ring structure, with a noticeable round bulge"
587739844308631637,"rounded/cigar-shaped edge-on spiral galaxy with a ring, with a modest rounded bulge"
588015509807431748,"rounded/cigar-shaped spiral galaxy seen edge-on, with a ring structure, with a noticeable round bulge"
588017719565746359,rounded/cigar-shaped edge-on spiral galaxy
587741602572730591,rounded/cigar-shaped galaxy seen edge-on
587722984441970900,edge-on galaxy with disturbed morphology
587725470127620165,rounded/cigar-shaped galaxy seen edge-on
587729972327350453,rounded/cigar-shaped edge-on spiral galaxy with a dust lane
588009371224768658,rounded/cigar-shaped irregular galaxy seen edge-on
587734690347417969,rounded/cigar-shaped edge-on spiral galaxy
587739845396463692,"rounded/cigar-shaped spiral galaxy seen edge-on, with a conspicuous round bulge"
588010879835373685,rounded/cigar-shaped edge-on spiral galaxy with a small or non-existent bulge
587745243621818395,"rounded/cigar-shaped spiral galaxy seen edge-on, with a faint or not prominent bulge"
587741532227961157,rounded/cigar-shaped edge-on spiral galaxy
587739646201823385,"rounded/cigar-shaped spiral galaxy seen edge-on, with a central bar, with signs of disturbance"
587731889505042537,rounded/cigar-shaped edge-on spiral galaxy
587741815700914525,rounded/cigar-shaped spiral galaxy seen edge-on
587742589870211199,rounded/cigar-shaped edge-on galaxy with a ring
587729155207528628,"rounded/cigar-shaped spiral galaxy seen edge-on, with a ring structure, with a conspicuous round bulge"
587731185125883975,rounded/cigar-shaped edge-on spiral galaxy
587742576994549961,rounded/cigar-shaped spiral galaxy seen edge-on
588017703484719276,rounded/cigar-shaped edge-on spiral galaxy with a dust lane
587742191527133331,"rounded/cigar-shaped spiral galaxy seen edge-on, with signs of disturbance"
587732152029937872,rounded/cigar-shaped edge-on spiral galaxy
588017990150455472,rounded/cigar-shaped spiral galaxy seen edge-on
587733080274894950,rounded/cigar-shaped edge-on spiral galaxy
587734305949089967,rounded/cigar-shaped spiral galaxy seen edge-on
587739828216856651,rounded/cigar-shaped barred edge-on spiral galaxy
587739407318122619,rounded/cigar-shaped irregular galaxy seen edge-on
587727866181779783,rounded/cigar-shaped edge-on spiral galaxy with a modest rounded bulge
587736914608193762,rounded/cigar-shaped spiral galaxy seen edge-on
588017990698467523,rounded/cigar-shaped edge-on spiral galaxy
587725471210406027,rounded/cigar-shaped spiral galaxy seen edge-on
587736813130809480,"rounded/cigar-shaped barred edge-on spiral galaxy with disturbed morphology, with a modest rounded bulge"
587733441045004446,"rounded/cigar-shaped spiral galaxy seen edge-on, with a central bar, with a ring structure, with a noticeable bulge"
587739707953840352,rounded/cigar-shaped edge-on spiral galaxy with a prominent bulge
588018253755842694,"rounded/cigar-shaped spiral galaxy seen edge-on, with a ring structure"
587733608552792285,rounded/cigar-shaped edge-on galaxy
587725469589635326,"rounded/cigar-shaped spiral galaxy with tightly wound spiral arms, seen edge-on"
587738947753345201,rounded/cigar-shaped edge-on galaxy with a modest bulge
587737809571021062,rounded/cigar-shaped galaxy seen edge-on
587734948056858858,rounded/cigar-shaped edge-on spiral galaxy
587742864209084551,"rounded/cigar-shaped spiral galaxy seen edge-on, with a central bar, with a ring structure, with a conspicuous round bulge"
588015510363177094,rounded/cigar-shaped edge-on spiral galaxy with a modest rounded bulge
587742550139928689,"rounded/cigar-shaped spiral galaxy seen edge-on, with dust lanes"
587741727121801323,rounded/cigar-shaped edge-on spiral galaxy
588017978349453425,rounded/cigar-shaped irregular galaxy seen edge-on
587732053236711771,rounded/cigar-shaped edge-on spiral galaxy
587742060558549240,"rounded/cigar-shaped spiral galaxy seen edge-on, with a noticeable round bulge"
587725039016476731,rounded/cigar-shaped edge-on spiral galaxy
587734305416675538,"rounded/cigar-shaped spiral galaxy seen edge-on, with a central bar, with dust lanes, with a noticeable rectangular/boxy bulge"
587738946684125274,rounded/cigar-shaped edge-on spiral galaxy
587739708488876224,"rounded/cigar-shaped spiral galaxy seen edge-on, with a conspicuous round bulge"
587739294015684664,rounded/cigar-shaped barred edge-on spiral galaxy with a small or non-existent bulge
587725469599531113,"rounded/cigar-shaped spiral galaxy seen edge-on, with dust lanes"
588017625618383000,"rounded/cigar-shaped edge-on spiral galaxy with a ring, with a small or non-existent bulge"
587731511548772540,rounded/cigar-shaped spiral galaxy seen edge-on
587742589333536841,rounded/cigar-shaped edge-on spiral galaxy
587732135387005080,rounded/cigar-shaped spiral galaxy seen edge-on
588017729228767392,rounded/cigar-shaped edge-on spiral galaxy with a ring
587732772664901743,rounded/cigar-shaped spiral galaxy seen edge-on
587731520666206470,"rounded/cigar-shaped edge-on spiral galaxy with a dust lane, with a prominent rounded bulge"
588010359069474927,"rounded/cigar-shaped spiral galaxy seen edge-on, with a noticeable round bulge"
587735663155871760,rounded/cigar-shaped edge-on spiral galaxy
588018089468821712,rounded/cigar-shaped spiral galaxy seen edge-on
588017111296901271,rounded/cigar-shaped edge-on spiral galaxy
587741720679612428,"rounded/cigar-shaped spiral galaxy with moderately wound spiral arms, with a pair of spiral arms, seen edge-on"
588848899921215697,rounded/cigar-shaped edge-on spiral galaxy with a prominent rounded bulge
588017977840501063,rounded/cigar-shaped spiral galaxy seen edge-on
587736524300222667,rounded/cigar-shaped edge-on spiral galaxy with disturbed morphology
587742627997745491,"rounded/cigar-shaped spiral galaxy seen edge-on, with a noticeable bulge"
587735349108605055,rounded/cigar-shaped edge-on spiral galaxy
587741708338135133,"rounded/cigar-shaped spiral galaxy seen edge-on, with a central bar, with a noticeable round bulge"
587735666928910448,rounded/cigar-shaped barred edge-on spiral galaxy with a small or non-existent bulge
588017626691338367,"rounded/cigar-shaped spiral galaxy seen edge-on, with a ring structure, with dust lanes"
588017948813885574,rounded/cigar-shaped barred edge-on interacting/merging spiral galaxy with a prominent rounded bulge
587738948821581865,"rounded/cigar-shaped spiral galaxy seen edge-on, with a ring structure, with dust lanes"
587728307484754021,rounded/cigar-shaped edge-on galaxy with a prominent rounded bulge
587742190976630932,"rounded/cigar-shaped spiral galaxy seen edge-on, with signs of disturbance"
587729155206545578,rounded/cigar-shaped edge-on spiral galaxy with a small or non-existent bulge
588013383284162653,"rounded/cigar-shaped spiral galaxy seen edge-on, with a noticeable round bulge"
587736782537425160,rounded/cigar-shaped interacting/merging spiral galaxy with moderately wound arms
587739458300739754,"spiral galaxy in a merger, with a conspicuous round bulge"
587742549600174249,rounded/cigar-shaped barred interacting/merging spiral galaxy with moderately wound arms
588017979953578057,"spiral galaxy in a merger, with a ring structure, with a conspicuous round bulge"
587741708885622812,interacting/merging galaxy with a prominent bulge
587728880338468874,spiral galaxy in a merger
588295841247657999,interacting/merging galaxy
587738371672768610,"spiral galaxy with loosely wound spiral arms, with a pair of spiral arms, in a merger"
587731513678692463,"interacting/merging spiral galaxy with a ring, with a modest bulge"
588018253764821123,rounded/cigar-shaped galaxy in a merger
587728881418174600,"interacting/merging spiral galaxy with loosely wound arms, with 1 spiral arm, with a prominent rounded bulge"
588017702400753821,"spiral galaxy in a merger, with a noticeable round bulge"
588013382206816482,interacting/merging galaxy with a modest bulge
587729387150901398,"rounded/cigar-shaped spiral galaxy in a merger, with a noticeable round bulge"
587736916220182838,interacting/merging spiral galaxy with a modest rounded bulge
587739131878113295,"spiral galaxy in a merger, with a central bar"
587739506078515358,interacting/merging galaxy
587739646207787017,"spiral galaxy in a merger, with a conspicuous round bulge"
587729971255509011,"interacting/merging spiral galaxy with moderately wound arms, with 2 spiral arms"
587742062151729221,rounded/cigar-shaped spiral galaxy in a merger
587735696443310204,interacting/merging spiral galaxy
587736585514516880,"galaxy in a merger, with a conspicuous bulge"
588013383281082458,interacting/merging galaxy with a prominent rounded bulge
587733081891012708,"spiral galaxy in a merger, with a conspicuous bulge"
587734861608321127,rounded/cigar-shaped interacting/merging spiral galaxy with a modest bulge
587732483291217933,galaxy in a merger
588015508738670640,interacting/merging spiral galaxy with moderately wound arms
588017703993212997,"spiral galaxy with tightly wound spiral arms, in a merger, with a conspicuous round bulge"
587739114703683928,barred interacting/merging galaxy with a modest bulge
588297865801826469,galaxy in a merger
587742629592563818,interacting/merging spiral galaxy with a small or non-existent bulge
587729408613155059,galaxy in a merger
587739707421032614,interacting/merging galaxy
588017992311570731,"galaxy in a merger, with a ring structure"
587732135916011683,rounded/cigar-shaped interacting/merging spiral galaxy
587739381528264975,"galaxy in a merger, with a conspicuous bulge"
587729158986203294,interacting/merging spiral galaxy
587731679581503678,"galaxy in a merger, with a ring structure, with a noticeable round bulge"
588015508757217423,interacting/merging spiral galaxy with a prominent bulge
587729387139694785,galaxy in a merger
588848900977983495,interacting/merging spiral galaxy with a ring
587725474956378306,"rounded/cigar-shaped spiral galaxy in a merger, with a central bar, with a conspicuous round bulge"
588017114521075949,interacting/merging spiral galaxy with a modest bulge
587738411399446695,"spiral galaxy with tightly wound spiral arms, in a merger"
587724649797976224,interacting/merging spiral galaxy with a modest rounded bulge
587738411398660198,spiral galaxy in a merger
587726013998694512,"interacting/merging spiral galaxy with moderately wound arms, with 2 spiral arms"
588848900966777145,"spiral galaxy with tightly wound spiral arms, in a merger, with a conspicuous round bulge"
588016877755826253,interacting/merging galaxy with a dominant bulge
587741489824071694,"spiral galaxy with moderately wound spiral arms, with a pair of spiral arms, in a merger, with a central bar, with a conspicuous bulge"
587738617565216912,interacting/merging galaxy
587736976885154015,galaxy in a merger
588017704029126964,interacting/merging spiral galaxy with a prominent rounded bulge
588017721712246858,galaxy in a merger
587739408389374102,interacting/merging spiral galaxy
587734304342737149,"spiral galaxy with moderately wound spiral arms, with many spiral arms, in a merger, with a ring structure, with a noticeable bulge"
587724648180416675,interacting/merging spiral galaxy
587736543100600706,"galaxy in a merger, with a conspicuous round bulge"
587732702870831260,interacting/merging spiral galaxy with a prominent rounded bulge
588297864731164766,"spiral galaxy in a merger, with a noticeable bulge"
587729229569851536,interacting/merging galaxy with a prominent bulge
587735661008191728,spiral galaxy in a merger
587732769978777643,interacting/merging galaxy with a prominent bulge
587742061093323024,"galaxy in a merger, with a noticeable bulge"
587739720310653244,interacting/merging spiral galaxy
587742014909710459,"spiral galaxy with loosely wound spiral arms, in a merger, with a conspicuous round bulge"
587729387680759985,interacting/merging galaxy
587736916213628949,"rounded/cigar-shaped spiral galaxy in a merger, with a central bar, with a conspicuous round bulge"
588018056192131243,interacting/merging spiral galaxy with a modest bulge
587732483824091150,"galaxy in a merger, with a ring structure, with a conspicuous rectangular/boxy bulge"
587736476512550990,interacting/merging spiral galaxy
587739406236450945,"rounded/cigar-shaped spiral galaxy in a merger, with a noticeable round bulge"
587729156279631878,interacting/merging spiral galaxy with a prominent rounded bulge
587741392109895897,"galaxy in a merger, with a conspicuous bulge"
587726013998235865,interacting/merging spiral galaxy with moderately wound arms
587729227684642905,"spiral galaxy with loosely wound spiral arms, in a merger"
587733605332484176,interacting/merging galaxy with a dominant rounded bulge
587736541486776683,"galaxy in a merger, with a conspicuous bulge"
587727866718257419,interacting/merging spiral galaxy with a prominent bulge
587729227690475600,"galaxy in a merger, with a conspicuous round bulge"
588013382736609480,interacting/merging galaxy with a modest bulge
587737810643845428,"spiral galaxy with loosely wound spiral arms, in a merger"
587739720310653245,interacting/merging spiral galaxy with a prominent bulge
588010357997240467,rounded/cigar-shaped spiral galaxy in a merger
588017724410953843,interacting/merging spiral galaxy with a prominent rounded bulge
587741531707474041,spiral galaxy in a merger
587735661008781533,interacting/merging spiral galaxy with a prominent bulge
587739382057533517,"spiral galaxy in a merger, with a conspicuous bulge"
587729159517372530,rounded/cigar-shaped interacting/merging spiral galaxy with tightly wound arms
587741815710875728,spiral galaxy in a merger
587728666654736443,interacting/merging spiral galaxy with a prominent bulge
587734622705287387,"spiral galaxy in a merger, with a conspicuous round bulge"
587739608624791671,barred interacting/merging galaxy with a modest bulge
587726032776396846,"spiral galaxy with loosely wound spiral arms, with a single spiral arm, in a merger, with a conspicuous round bulge"
587733398652715415,interacting/merging galaxy
588298661967495280,rounded/cigar-shaped spiral galaxy in a merger
587725041704239228,rounded/cigar-shaped interacting/merging spiral galaxy
587736897964933218,"spiral galaxy in a merger, with a noticeable bulge"
588017947209629775,barred interacting/merging galaxy with a prominent bulge
587736545235697874,"galaxy in a merger, with a very large bulge"
588013383816118312,"interacting/merging spiral galaxy with loosely wound arms, with 2 spiral arms, with a prominent bulge"
587732771053699196,galaxy in a merger
587739809950335135,interacting/merging spiral galaxy with a modest bulge
587734841741869389,"galaxy in a merger, with a noticeable bulge"
587739608639209570,interacting/merging spiral galaxy
587729752210407707,"spiral galaxy in a merger, with a very large bulge"
587735348025819361,interacting/merging spiral galaxy with a prominent rounded bulge
587741601499840597,galaxy in a merger
587729779053232331,"interacting/merging spiral galaxy with moderately wound arms, with 2 spiral arms, with a small or non-existent bulge"
587745403080671258,"spiral galaxy in a merger, with a conspicuous round bulge"
588017948292808803,interacting/merging spiral galaxy
587734861608779887,"spiral galaxy in a merger, with a conspicuous bulge"
587726033339351212,interacting/merging spiral galaxy with a modest bulge
588016526634844322,"spiral galaxy in a merger, with a noticeable round bulge"
587732134302580846,interacting/merging spiral galaxy with a prominent boxy bulge
588017990703448421,spiral galaxy in a merger
587728918451454207,interacting/merging spiral galaxy with a modest bulge
587736541485924607,"rounded/cigar-shaped galaxy in a merger, with a noticeable round bulge"
588010135729209404,interacting/merging spiral galaxy with a prominent bulge
587742014356979863,"spiral galaxy with tightly wound spiral arms, in a merger, with a ring structure, with a noticeable bulge"
587732772659789950,interacting/merging spiral galaxy
587736808308146453,"galaxy in a merger, with a conspicuous bulge"
588016840705638755,rounded/cigar-shaped interacting/merging spiral galaxy with a modest rounded bulge
587732701256679587,"spiral galaxy in a merger, with a conspicuous round bulge"
587725817490112700,interacting/merging spiral galaxy
588017948273606840,galaxy in a merger
587741566050238598,"interacting/merging spiral galaxy with moderately wound arms, with 2 spiral arms"
587736542556455170,"spiral galaxy in a merger, with a central bar, with a conspicuous round bulge"
587732772664049802,interacting/merging spiral galaxy with a prominent bulge
587732135924007021,"spiral galaxy with tightly wound spiral arms, in a merger, with a central bar"
587729408620364051,interacting/merging galaxy
587728670411129371,"galaxy in a merger, with a conspicuous rectangular/boxy bulge"
587736524300550192,"interacting/merging spiral galaxy with moderately wound arms, with a ring, with a prominent rounded bulge"
588017949355409484,spiral galaxy in a merger
587742578068816047,interacting/merging galaxy
587737809577050238,"spiral galaxy in a merger, with a noticeable bulge"
587736584430420257,"rounded/cigar-shaped interacting/merging spiral galaxy with a ring, with a prominent rounded bulge"
587725552273064085,galaxy in a merger
588017977293340712,interacting/merging galaxy
587742549613281485,"galaxy in a merger, with a conspicuous bulge"
588016878285685085,"interacting/merging spiral galaxy with loosely wound arms, with 1 spiral arm"
587729158430588989,"galaxy in a merger, with a noticeable round bulge"
587739407331819788,interacting/merging spiral galaxy with a prominent rounded bulge
587741532244869320,"spiral galaxy in a merger, with a conspicuous round bulge"
587725994110943375,barred interacting/merging spiral galaxy with tightly wound arms
588011123040452719,"rounded/cigar-shaped spiral galaxy with tightly wound spiral arms, with a pair of spiral arms, in a merger"
588017720638439548,interacting/merging spiral galaxy with a prominent bulge
588017606295158860,"spiral galaxy in a merger, with a conspicuous bulge"
587739610251395185,barred interacting/merging spiral galaxy with a modest bulge
588017719570399403,"spiral galaxy in a merger, with a conspicuous bulge"
587739828737016001,interacting/merging spiral galaxy
587741391036678265,"spiral galaxy in a merger, with a conspicuous round bulge"
588013382188531979,interacting/merging spiral galaxy with a prominent bulge
587745243088355453,"spiral galaxy in a merger, with a ring structure"
587736543622987833,"interacting/merging spiral galaxy with tightly wound arms, with a modest bulge"
587739609698861151,spiral galaxy in a merger
587739827139051617,"interacting/merging spiral galaxy with loosely wound arms, with 1 spiral arm, with a prominent bulge"
587733411522412751,"spiral galaxy in a merger, with a central bar, with a conspicuous bulge"
588017627229585560,"interacting/merging spiral galaxy with loosely wound arms, with 2 spiral arms"
587736546848932070,"rounded/cigar-shaped spiral galaxy in a merger, with a conspicuous round bulge"
588016528244670522,interacting/merging spiral galaxy
588010877692412140,"rounded/cigar-shaped spiral galaxy in a merger, with a noticeable round bulge"
587726033864228995,interacting/merging spiral galaxy with a modest bulge
587742550155461243,"rounded/cigar-shaped galaxy in a merger, with a noticeable round bulge"
587739720291057704,interacting/merging spiral galaxy
587745539447390447,"spiral galaxy in a merger, with a central bar, with a conspicuous bulge"
588017702936969372,"interacting/merging spiral galaxy with a ring, with a prominent bulge"
587731886813282417,"spiral galaxy with moderately wound spiral arms, in a merger, with a noticeable bulge"
587732156314747279,interacting/merging spiral galaxy with a ring
587734622708433056,"spiral galaxy in a merger, with a ring structure"
587735344260251771,interacting/merging spiral galaxy
587737825670660239,galaxy in a merger
587738065656152140,rounded/cigar-shaped interacting/merging spiral galaxy with a prominent rounded bulge
587725041705812179,spiral galaxy in a merger
587729782810280511,rounded/cigar-shaped interacting/merging spiral galaxy with a modest rounded bulge
588017702414713129,"spiral galaxy in a merger, with a conspicuous bulge"
587741532774793359,"interacting/merging spiral galaxy with loosely wound arms, with 1 spiral arm, with a prominent rounded bulge"
588848900977983494,galaxy in a merger
587741489824071734,"rounded/cigar-shaped interacting/merging spiral galaxy with loosely wound arms, with a prominent rounded bulge"
587742773484585045,galaxy in a merger
587731187278348415,interacting/merging spiral galaxy
587733080548573339,"galaxy in a merger, with a conspicuous bulge"
588017992301740253,interacting/merging galaxy with a prominent bulge
587727865643401322,"spiral galaxy in a merger, with a conspicuous bulge"
587726102025732245,interacting/merging spiral galaxy with a prominent rounded bulge
587729386076766307,"rounded/cigar-shaped spiral galaxy in a merger, with a conspicuous round bulge"
587734894364524648,interacting/merging spiral galaxy
587742061618528393,"spiral galaxy in a merger, with a conspicuous bulge"
587725818037862416,interacting/merging spiral galaxy with loosely wound arms
587729160050311229,spiral galaxy in a merger
587725491600163049,interacting/merging galaxy
587739721898328168,"spiral galaxy with loosely wound spiral arms, with a single spiral arm, in a merger, with a ring structure"
588017990685556897,interacting/merging galaxy with a prominent bulge
587737809034412201,galaxy in a merger
587738196111458626,"rounded/cigar-shaped barred interacting/merging spiral galaxy with moderately wound arms, with 2 spiral arms"
587742550145040402,spiral galaxy in a merger
588015507676921892,interacting/merging galaxy
587739131892072687,"rounded/cigar-shaped spiral galaxy in a merger, with a noticeable bulge"
587742061086703702,interacting/merging spiral galaxy
587735349109391586,"spiral galaxy in a merger, with a central bar, with a conspicuous bulge"
587742610269470993,rounded/cigar-shaped barred interacting/merging spiral galaxy with a prominent rounded bulge
587742568400486465,"spiral galaxy with moderately wound spiral arms, in a merger, with a central bar"
587729409150550045,"interacting/merging spiral galaxy with 2 spiral arms, with a modest bulge"
587742594696151179,spiral galaxy in a merger
587739809951514877,interacting/merging spiral galaxy with a prominent rounded bulge
587742627986931919,"spiral galaxy in a merger, with a noticeable bulge"
587729388214026363,interacting/merging spiral galaxy with a prominent bulge
587725816959664268,"rounded/cigar-shaped spiral galaxy with tightly wound spiral arms, with a pair of spiral arms, in a merger"
587725551195259099,rounded/cigar-shaped interacting/merging spiral galaxy
587741533317496937,"spiral galaxy in a merger, with a conspicuous round bulge"
587739382065660144,interacting/merging spiral galaxy
587738617559318627,"spiral galaxy in a merger, with a noticeable bulge"
587742903937269767,"rounded/cigar-shaped interacting/merging spiral galaxy with tightly wound arms, with 2 spiral arms, with a modest rounded bulge"
587739408407462017,"spiral galaxy in a merger, with a conspicuous bulge"
587739115771461656,rounded/cigar-shaped interacting/merging galaxy with a modest rounded bulge
587732772669554884,"galaxy in a merger, with a noticeable bulge"
587739407324151980,"interacting/merging spiral galaxy with moderately wound arms, with a prominent bulge"
587726015089803333,"spiral galaxy with moderately wound spiral arms, with a pair of spiral arms, in a merger, with a conspicuous round bulge"
587741602574499944,interacting/merging spiral galaxy
588298662508560579,"rounded/cigar-shaped galaxy in a merger, with a conspicuous round bulge"
587725470673141910,interacting/merging spiral galaxy
587725775603499502,rounded/cigar-shaped spiral galaxy in a merger
587739406228783237,interacting/merging galaxy
587736619857150102,"galaxy in a merger, with a conspicuous bulge"
587739407324479578,interacting/merging spiral galaxy with loosely wound arms
587731511544316025,spiral galaxy in a merger
588017719566729310,interacting/merging spiral galaxy with a prominent bulge
587729653428322808,"spiral galaxy in a merger, with a conspicuous bulge"
587739648358875223,interacting/merging spiral galaxy with a prominent bulge
587739810502148414,"spiral galaxy in a merger, with a central bar, with a conspicuous round bulge"
588017567099912337,interacting/merging spiral galaxy
587739651032940726,"spiral galaxy in a merger, with a conspicuous bulge"
587736523762761925,interacting/merging galaxy
587735743160057979,spiral galaxy in a merger
587739706333790401,interacting/merging spiral galaxy
587730022519668950,"rounded/cigar-shaped spiral galaxy in a merger, with a noticeable round bulge"
587739158722969625,"barred interacting/merging spiral galaxy with moderately wound arms, with 2 spiral arms"
587739811563241731,spiral galaxy in a merger
587741490911772818,interacting/merging spiral galaxy with a dominant rounded bulge
587739647810076773,"rounded/cigar-shaped spiral galaxy with loosely wound spiral arms, with a single spiral arm, in a merger"
587725980691136632,interacting/merging galaxy with a dominant bulge
587735694842855515,spiral galaxy in a merger
588017949894180971,interacting/merging spiral galaxy
587739406256505031,"spiral galaxy in a merger, with a conspicuous round bulge"
587735429084807236,rounded/cigar-shaped interacting/merging galaxy with a prominent rounded bulge
587739721908420748,"spiral galaxy in a merger, with a conspicuous bulge"
587733423332524231,interacting/merging spiral galaxy
587729386616193064,galaxy in a merger
588017702949683315,interacting/merging galaxy
588007004701130963,spiral galaxy in a merger
